{
  "HTTP-Request-1" : {
    "transaction" : "HTTP-Request-1",
    "sampleCount" : 5000,
    "errorCount" : 0,
    "errorPct" : 0.0,
    "meanResTime" : 1645.504799999997,
    "medianResTime" : 1500.0,
    "minResTime" : 626.0,
    "maxResTime" : 14255.0,
    "pct1ResTime" : 2503.0,
    "pct2ResTime" : 3256.8999999999996,
    "pct3ResTime" : 7001.889999999998,
    "throughput" : 6.705433010042057,
    "receivedKBytesPerSec" : 5121.922740587584,
    "sentKBytesPerSec" : 0.8185343029836495
  },
  "Total" : {
    "transaction" : "Total",
    "sampleCount" : 35000,
    "errorCount" : 0,
    "errorPct" : 0.0,
    "meanResTime" : 1563.476457142849,
    "medianResTime" : 1705.0,
    "minResTime" : 106.0,
    "maxResTime" : 14734.0,
    "pct1ResTime" : 2759.0,
    "pct2ResTime" : 3742.0,
    "pct3ResTime" : 7465.990000000002,
    "throughput" : 45.555121697253675,
    "receivedKBytesPerSec" : 34797.128451207216,
    "sentKBytesPerSec" : 5.560927941559287
  },
  "HTTP-Request-2" : {
    "transaction" : "HTTP-Request-2",
    "sampleCount" : 5000,
    "errorCount" : 0,
    "errorPct" : 0.0,
    "meanResTime" : 1640.2991999999972,
    "medianResTime" : 1501.0,
    "minResTime" : 626.0,
    "maxResTime" : 14734.0,
    "pct1ResTime" : 2514.0,
    "pct2ResTime" : 3267.95,
    "pct3ResTime" : 6743.98,
    "throughput" : 6.703104744055351,
    "receivedKBytesPerSec" : 5120.14430234421,
    "sentKBytesPerSec" : 0.8182500908270692
  },
  "HTTP-Request-3" : {
    "transaction" : "HTTP-Request-3",
    "sampleCount" : 5000,
    "errorCount" : 0,
    "errorPct" : 0.0,
    "meanResTime" : 1654.3268000000046,
    "medianResTime" : 1505.0,
    "minResTime" : 626.0,
    "maxResTime" : 12491.0,
    "pct1ResTime" : 2516.9000000000005,
    "pct2ResTime" : 3258.8499999999995,
    "pct3ResTime" : 6483.949999999999,
    "throughput" : 6.693108908929545,
    "receivedKBytesPerSec" : 5112.509016872658,
    "sentKBytesPerSec" : 0.8170298961095634
  },
  "HTTP-Request-4" : {
    "transaction" : "HTTP-Request-4",
    "sampleCount" : 5000,
    "errorCount" : 0,
    "errorPct" : 0.0,
    "meanResTime" : 1688.126400000001,
    "medianResTime" : 1503.0,
    "minResTime" : 626.0,
    "maxResTime" : 12310.0,
    "pct1ResTime" : 2511.9000000000005,
    "pct2ResTime" : 3728.8999999999996,
    "pct3ResTime" : 7508.739999999994,
    "throughput" : 6.687478098509227,
    "receivedKBytesPerSec" : 5108.207941029149,
    "sentKBytesPerSec" : 0.8163425413219271
  },
  "HTTP-Request-5" : {
    "transaction" : "HTTP-Request-5",
    "sampleCount" : 5000,
    "errorCount" : 0,
    "errorPct" : 0.0,
    "meanResTime" : 1716.5756000000017,
    "medianResTime" : 1505.0,
    "minResTime" : 626.0,
    "maxResTime" : 13225.0,
    "pct1ResTime" : 2718.0,
    "pct2ResTime" : 3739.0,
    "pct3ResTime" : 8494.929999999998,
    "throughput" : 6.679651909979667,
    "receivedKBytesPerSec" : 5102.229932906236,
    "sentKBytesPerSec" : 0.8153871960424398
  },
  "HTTP-Request-6" : {
    "transaction" : "HTTP-Request-6",
    "sampleCount" : 5000,
    "errorCount" : 0,
    "errorPct" : 0.0,
    "meanResTime" : 1693.7699999999963,
    "medianResTime" : 1505.0,
    "minResTime" : 626.0,
    "maxResTime" : 14707.0,
    "pct1ResTime" : 2528.9000000000005,
    "pct2ResTime" : 3508.749999999999,
    "pct3ResTime" : 6987.879999999997,
    "throughput" : 6.671968657760034,
    "receivedKBytesPerSec" : 5096.361106209068,
    "sentKBytesPerSec" : 0.8144492990429728
  },
  "HTTP-Request-7" : {
    "transaction" : "HTTP-Request-7",
    "sampleCount" : 5000,
    "errorCount" : 0,
    "errorPct" : 0.0,
    "meanResTime" : 905.7323999999976,
    "medianResTime" : 535.0,
    "minResTime" : 106.0,
    "maxResTime" : 10243.0,
    "pct1ResTime" : 1984.9000000000005,
    "pct2ResTime" : 2748.8999999999996,
    "pct3ResTime" : 5240.949999999999,
    "throughput" : 6.675362438803615,
    "receivedKBytesPerSec" : 5098.953434590793,
    "sentKBytesPerSec" : 0.8148635789555194
  }
}