{
  "HTTP-Request-1" : {
    "transaction" : "HTTP-Request-1",
    "sampleCount" : 5875,
    "errorCount" : 0,
    "errorPct" : 0.0,
    "meanResTime" : 19.949106382978734,
    "medianResTime" : 6.0,
    "minResTime" : 3.0,
    "maxResTime" : 444.0,
    "pct1ResTime" : 10.0,
    "pct2ResTime" : 14.0,
    "pct3ResTime" : 397.0,
    "throughput" : 13.53222050494185,
    "receivedKBytesPerSec" : 10336.541701498938,
    "sentKBytesPerSec" : 1.6518823858571596
  },
  "Total" : {
    "transaction" : "Total",
    "sampleCount" : 41125,
    "errorCount" : 0,
    "errorPct" : 0.0,
    "meanResTime" : 9.625021276595785,
    "medianResTime" : 6.0,
    "minResTime" : 2.0,
    "maxResTime" : 444.0,
    "pct1ResTime" : 9.0,
    "pct2ResTime" : 11.0,
    "pct3ResTime" : 15.0,
    "throughput" : 91.5520549957925,
    "receivedKBytesPerSec" : 69931.7332271035,
    "sentKBytesPerSec" : 11.175787963353578
  },
  "HTTP-Request-2" : {
    "transaction" : "HTTP-Request-2",
    "sampleCount" : 5875,
    "errorCount" : 0,
    "errorPct" : 0.0,
    "meanResTime" : 8.01072340425534,
    "medianResTime" : 6.0,
    "minResTime" : 3.0,
    "maxResTime" : 121.0,
    "pct1ResTime" : 9.0,
    "pct2ResTime" : 11.0,
    "pct3ResTime" : 102.23999999999978,
    "throughput" : 13.538238899796292,
    "receivedKBytesPerSec" : 10341.138832425551,
    "sentKBytesPerSec" : 1.6526170531977895
  },
  "HTTP-Request-3" : {
    "transaction" : "HTTP-Request-3",
    "sampleCount" : 5875,
    "errorCount" : 0,
    "errorPct" : 0.0,
    "meanResTime" : 7.8183829787233865,
    "medianResTime" : 6.0,
    "minResTime" : 3.0,
    "maxResTime" : 91.0,
    "pct1ResTime" : 11.0,
    "pct2ResTime" : 12.0,
    "pct3ResTime" : 81.0,
    "throughput" : 13.538301294607264,
    "receivedKBytesPerSec" : 10341.18649249474,
    "sentKBytesPerSec" : 1.6526246697518632
  },
  "HTTP-Request-4" : {
    "transaction" : "HTTP-Request-4",
    "sampleCount" : 5875,
    "errorCount" : 0,
    "errorPct" : 0.0,
    "meanResTime" : 6.944680851063834,
    "medianResTime" : 6.0,
    "minResTime" : 3.0,
    "maxResTime" : 60.0,
    "pct1ResTime" : 9.0,
    "pct2ResTime" : 11.0,
    "pct3ResTime" : 38.23999999999978,
    "throughput" : 13.538426085954605,
    "receivedKBytesPerSec" : 10341.28181395106,
    "sentKBytesPerSec" : 1.6526399030706302
  },
  "HTTP-Request-5" : {
    "transaction" : "HTTP-Request-5",
    "sampleCount" : 5875,
    "errorCount" : 0,
    "errorPct" : 0.0,
    "meanResTime" : 6.9070638297872256,
    "medianResTime" : 6.0,
    "minResTime" : 3.0,
    "maxResTime" : 38.0,
    "pct1ResTime" : 10.0,
    "pct2ResTime" : 12.0,
    "pct3ResTime" : 18.23999999999978,
    "throughput" : 13.538550879602532,
    "receivedKBytesPerSec" : 10341.377137164676,
    "sentKBytesPerSec" : 1.6526551366702307
  },
  "HTTP-Request-6" : {
    "transaction" : "HTTP-Request-6",
    "sampleCount" : 5875,
    "errorCount" : 0,
    "errorPct" : 0.0,
    "meanResTime" : 10.502808510638307,
    "medianResTime" : 8.0,
    "minResTime" : 3.0,
    "maxResTime" : 76.0,
    "pct1ResTime" : 17.0,
    "pct2ResTime" : 23.0,
    "pct3ResTime" : 51.0,
    "throughput" : 13.538457284150903,
    "receivedKBytesPerSec" : 10341.305644589715,
    "sentKBytesPerSec" : 1.6526437114442019
  },
  "HTTP-Request-7" : {
    "transaction" : "HTTP-Request-7",
    "sampleCount" : 5875,
    "errorCount" : 0,
    "errorPct" : 0.0,
    "meanResTime" : 7.242382978723403,
    "medianResTime" : 6.0,
    "minResTime" : 2.0,
    "maxResTime" : 72.0,
    "pct1ResTime" : 12.0,
    "pct2ResTime" : 16.0,
    "pct3ResTime" : 36.0,
    "throughput" : 13.538550879602532,
    "receivedKBytesPerSec" : 10341.377137164676,
    "sentKBytesPerSec" : 1.6526551366702307
  }
}