{
  "HTTP-Request-1" : {
    "transaction" : "HTTP-Request-1",
    "sampleCount" : 2000,
    "errorCount" : 0,
    "errorPct" : 0.0,
    "meanResTime" : 4953.329500000009,
    "medianResTime" : 15.0,
    "minResTime" : 5.0,
    "maxResTime" : 66067.0,
    "pct1ResTime" : 6176.9000000000015,
    "pct2ResTime" : 60758.9,
    "pct3ResTime" : 63502.0,
    "throughput" : 3.1536290386161876,
    "receivedKBytesPerSec" : 2409.3268902187237,
    "sentKBytesPerSec" : 0.3911239139689998
  },
  "Total" : {
    "transaction" : "Total",
    "sampleCount" : 14000,
    "errorCount" : 0,
    "errorPct" : 0.0,
    "meanResTime" : 2952.0110714285684,
    "medianResTime" : 14.0,
    "minResTime" : 4.0,
    "maxResTime" : 66067.0,
    "pct1ResTime" : 63.0,
    "pct2ResTime" : 12223.599999999991,
    "pct3ResTime" : 59969.0,
    "throughput" : 21.561847850360778,
    "receivedKBytesPerSec" : 16472.93797834334,
    "sentKBytesPerSec" : 2.6741744892537294
  },
  "HTTP-Request-2" : {
    "transaction" : "HTTP-Request-2",
    "sampleCount" : 2000,
    "errorCount" : 0,
    "errorPct" : 0.0,
    "meanResTime" : 4319.2615000000105,
    "medianResTime" : 15.0,
    "minResTime" : 5.0,
    "maxResTime" : 59890.0,
    "pct1ResTime" : 3117.9,
    "pct2ResTime" : 57492.85,
    "pct3ResTime" : 57581.99,
    "throughput" : 3.154260696492304,
    "receivedKBytesPerSec" : 2409.809329068543,
    "sentKBytesPerSec" : 0.3912022543501198
  },
  "HTTP-Request-3" : {
    "transaction" : "HTTP-Request-3",
    "sampleCount" : 2000,
    "errorCount" : 0,
    "errorPct" : 0.0,
    "meanResTime" : 4797.7119999999895,
    "medianResTime" : 16.0,
    "minResTime" : 4.0,
    "maxResTime" : 59843.0,
    "pct1ResTime" : 6162.0,
    "pct2ResTime" : 57459.0,
    "pct3ResTime" : 57596.91,
    "throughput" : 3.154375118289067,
    "receivedKBytesPerSec" : 2409.897038300521,
    "sentKBytesPerSec" : 0.3912164453346792
  },
  "HTTP-Request-4" : {
    "transaction" : "HTTP-Request-4",
    "sampleCount" : 2000,
    "errorCount" : 0,
    "errorPct" : 0.0,
    "meanResTime" : 2668.346500000002,
    "medianResTime" : 14.0,
    "minResTime" : 4.0,
    "maxResTime" : 60006.0,
    "pct1ResTime" : 3078.6000000000004,
    "pct2ResTime" : 12363.849999999999,
    "pct3ResTime" : 57683.98,
    "throughput" : 3.154409943961907,
    "receivedKBytesPerSec" : 2409.9233319430928,
    "sentKBytesPerSec" : 0.39122076453433813
  },
  "HTTP-Request-5" : {
    "transaction" : "HTTP-Request-5",
    "sampleCount" : 2000,
    "errorCount" : 0,
    "errorPct" : 0.0,
    "meanResTime" : 1977.563499999998,
    "medianResTime" : 13.0,
    "minResTime" : 4.0,
    "maxResTime" : 59764.0,
    "pct1ResTime" : 30.0,
    "pct2ResTime" : 49.94999999999982,
    "pct3ResTime" : 57543.92,
    "throughput" : 3.154429844691647,
    "receivedKBytesPerSec" : 2409.938317095906,
    "sentKBytesPerSec" : 0.39122323269124915
  },
  "HTTP-Request-6" : {
    "transaction" : "HTTP-Request-6",
    "sampleCount" : 2000,
    "errorCount" : 0,
    "errorPct" : 0.0,
    "meanResTime" : 1933.7114999999997,
    "medianResTime" : 14.0,
    "minResTime" : 4.0,
    "maxResTime" : 59678.0,
    "pct1ResTime" : 32.0,
    "pct2ResTime" : 68.94999999999982,
    "pct3ResTime" : 57668.8,
    "throughput" : 3.154404968818707,
    "receivedKBytesPerSec" : 2409.919324614295,
    "sentKBytesPerSec" : 0.39122014749997636
  },
  "HTTP-Request-7" : {
    "transaction" : "HTTP-Request-7",
    "sampleCount" : 2000,
    "errorCount" : 0,
    "errorPct" : 0.0,
    "meanResTime" : 14.153000000000002,
    "medianResTime" : 11.0,
    "minResTime" : 4.0,
    "maxResTime" : 125.0,
    "pct1ResTime" : 23.0,
    "pct2ResTime" : 31.0,
    "pct3ResTime" : 75.99000000000001,
    "throughput" : 3.154404968818707,
    "receivedKBytesPerSec" : 2409.9191890734564,
    "sentKBytesPerSec" : 0.39122014749997636
  }
}