{
  "HTTP-Request-1" : {
    "transaction" : "HTTP-Request-1",
    "sampleCount" : 6000,
    "errorCount" : 0,
    "errorPct" : 0.0,
    "meanResTime" : 19.681333333333303,
    "medianResTime" : 6.0,
    "minResTime" : 3.0,
    "maxResTime" : 450.0,
    "pct1ResTime" : 11.0,
    "pct2ResTime" : 16.0,
    "pct3ResTime" : 390.0,
    "throughput" : 13.817784870907344,
    "receivedKBytesPerSec" : 10554.669094278746,
    "sentKBytesPerSec" : 1.6867413172494317
  },
  "Total" : {
    "transaction" : "Total",
    "sampleCount" : 42000,
    "errorCount" : 0,
    "errorPct" : 0.0,
    "meanResTime" : 9.73100000000002,
    "medianResTime" : 6.0,
    "minResTime" : 2.0,
    "maxResTime" : 450.0,
    "pct1ResTime" : 10.0,
    "pct2ResTime" : 11.0,
    "pct3ResTime" : 15.0,
    "throughput" : 93.48810809006021,
    "receivedKBytesPerSec" : 71410.5809548586,
    "sentKBytesPerSec" : 11.412122569587428
  },
  "HTTP-Request-2" : {
    "transaction" : "HTTP-Request-2",
    "sampleCount" : 6000,
    "errorCount" : 0,
    "errorPct" : 0.0,
    "meanResTime" : 7.898166666666699,
    "medianResTime" : 6.0,
    "minResTime" : 3.0,
    "maxResTime" : 98.0,
    "pct1ResTime" : 10.0,
    "pct2ResTime" : 12.0,
    "pct3ResTime" : 82.0,
    "throughput" : 13.823515181675548,
    "receivedKBytesPerSec" : 10559.046173132616,
    "sentKBytesPerSec" : 1.6874408180756284
  },
  "HTTP-Request-3" : {
    "transaction" : "HTTP-Request-3",
    "sampleCount" : 6000,
    "errorCount" : 0,
    "errorPct" : 0.0,
    "meanResTime" : 7.659333333333327,
    "medianResTime" : 6.0,
    "minResTime" : 4.0,
    "maxResTime" : 60.0,
    "pct1ResTime" : 11.0,
    "pct2ResTime" : 14.0,
    "pct3ResTime" : 44.0,
    "throughput" : 13.823706273889092,
    "receivedKBytesPerSec" : 10559.192138285447,
    "sentKBytesPerSec" : 1.6874641447618521
  },
  "HTTP-Request-4" : {
    "transaction" : "HTTP-Request-4",
    "sampleCount" : 6000,
    "errorCount" : 0,
    "errorPct" : 0.0,
    "meanResTime" : 7.360666666666639,
    "medianResTime" : 6.0,
    "minResTime" : 3.0,
    "maxResTime" : 54.0,
    "pct1ResTime" : 10.0,
    "pct2ResTime" : 13.0,
    "pct3ResTime" : 35.0,
    "throughput" : 13.82380182197708,
    "receivedKBytesPerSec" : 10559.265122375205,
    "sentKBytesPerSec" : 1.6874758083468115
  },
  "HTTP-Request-5" : {
    "transaction" : "HTTP-Request-5",
    "sampleCount" : 6000,
    "errorCount" : 0,
    "errorPct" : 0.0,
    "meanResTime" : 7.164666666666687,
    "medianResTime" : 6.0,
    "minResTime" : 3.0,
    "maxResTime" : 39.0,
    "pct1ResTime" : 10.0,
    "pct2ResTime" : 12.0,
    "pct3ResTime" : 21.0,
    "throughput" : 13.823929221482386,
    "receivedKBytesPerSec" : 10559.362436064328,
    "sentKBytesPerSec" : 1.6874913600442367
  },
  "HTTP-Request-6" : {
    "transaction" : "HTTP-Request-6",
    "sampleCount" : 6000,
    "errorCount" : 0,
    "errorPct" : 0.0,
    "meanResTime" : 10.831333333333331,
    "medianResTime" : 8.0,
    "minResTime" : 4.0,
    "maxResTime" : 88.0,
    "pct1ResTime" : 17.0,
    "pct2ResTime" : 22.0,
    "pct3ResTime" : 68.0,
    "throughput" : 13.823929221482386,
    "receivedKBytesPerSec" : 10559.362436064328,
    "sentKBytesPerSec" : 1.6874913600442367
  },
  "HTTP-Request-7" : {
    "transaction" : "HTTP-Request-7",
    "sampleCount" : 6000,
    "errorCount" : 0,
    "errorPct" : 0.0,
    "meanResTime" : 7.5215000000000165,
    "medianResTime" : 6.0,
    "minResTime" : 2.0,
    "maxResTime" : 67.0,
    "pct1ResTime" : 13.0,
    "pct2ResTime" : 16.0,
    "pct3ResTime" : 46.0,
    "throughput" : 13.823961071725622,
    "receivedKBytesPerSec" : 10559.38676476687,
    "sentKBytesPerSec" : 1.6874952480133816
  }
}