{
  "HTTP-Request-1" : {
    "transaction" : "HTTP-Request-1",
    "sampleCount" : 5700,
    "errorCount" : 0,
    "errorPct" : 0.0,
    "meanResTime" : 17.88017543859644,
    "medianResTime" : 6.0,
    "minResTime" : 3.0,
    "maxResTime" : 414.0,
    "pct1ResTime" : 11.0,
    "pct2ResTime" : 15.0,
    "pct3ResTime" : 339.0,
    "throughput" : 13.130373086881605,
    "receivedKBytesPerSec" : 10029.591885472624,
    "sentKBytesPerSec" : 1.6028287459572272
  },
  "Total" : {
    "transaction" : "Total",
    "sampleCount" : 39900,
    "errorCount" : 0,
    "errorPct" : 0.0,
    "meanResTime" : 9.579348370927303,
    "medianResTime" : 6.0,
    "minResTime" : 2.0,
    "maxResTime" : 414.0,
    "pct1ResTime" : 10.0,
    "pct2ResTime" : 11.0,
    "pct3ResTime" : 15.0,
    "throughput" : 88.83446510074586,
    "receivedKBytesPerSec" : 67855.91120901982,
    "sentKBytesPerSec" : 10.844050915618391
  },
  "HTTP-Request-2" : {
    "transaction" : "HTTP-Request-2",
    "sampleCount" : 5700,
    "errorCount" : 0,
    "errorPct" : 0.0,
    "meanResTime" : 7.573508771929806,
    "medianResTime" : 6.0,
    "minResTime" : 3.0,
    "maxResTime" : 99.0,
    "pct1ResTime" : 9.0,
    "pct2ResTime" : 12.0,
    "pct3ResTime" : 70.97999999999956,
    "throughput" : 13.136697710757572,
    "receivedKBytesPerSec" : 10034.422928420554,
    "sentKBytesPerSec" : 1.6036007947702116
  },
  "HTTP-Request-3" : {
    "transaction" : "HTTP-Request-3",
    "sampleCount" : 5700,
    "errorCount" : 0,
    "errorPct" : 0.0,
    "meanResTime" : 7.141578947368417,
    "medianResTime" : 6.0,
    "minResTime" : 3.0,
    "maxResTime" : 51.0,
    "pct1ResTime" : 11.0,
    "pct2ResTime" : 13.0,
    "pct3ResTime" : 31.0,
    "throughput" : 13.136818815612072,
    "receivedKBytesPerSec" : 10034.515433961558,
    "sentKBytesPerSec" : 1.6036155780776455
  },
  "HTTP-Request-4" : {
    "transaction" : "HTTP-Request-4",
    "sampleCount" : 5700,
    "errorCount" : 0,
    "errorPct" : 0.0,
    "meanResTime" : 6.724210526315782,
    "medianResTime" : 6.0,
    "minResTime" : 3.0,
    "maxResTime" : 34.0,
    "pct1ResTime" : 9.0,
    "pct2ResTime" : 11.0,
    "pct3ResTime" : 23.0,
    "throughput" : 13.13687936887666,
    "receivedKBytesPerSec" : 10034.561687371657,
    "sentKBytesPerSec" : 1.6036229698335767
  },
  "HTTP-Request-5" : {
    "transaction" : "HTTP-Request-5",
    "sampleCount" : 5700,
    "errorCount" : 0,
    "errorPct" : 0.0,
    "meanResTime" : 6.740526315789461,
    "medianResTime" : 6.0,
    "minResTime" : 3.0,
    "maxResTime" : 26.0,
    "pct1ResTime" : 10.0,
    "pct2ResTime" : 11.0,
    "pct3ResTime" : 19.0,
    "throughput" : 13.136849092174586,
    "receivedKBytesPerSec" : 10034.538560613306,
    "sentKBytesPerSec" : 1.6036192739470931
  },
  "HTTP-Request-6" : {
    "transaction" : "HTTP-Request-6",
    "sampleCount" : 5700,
    "errorCount" : 0,
    "errorPct" : 0.0,
    "meanResTime" : 12.398947368421076,
    "medianResTime" : 8.0,
    "minResTime" : 3.0,
    "maxResTime" : 175.0,
    "pct1ResTime" : 17.0,
    "pct2ResTime" : 40.0,
    "pct3ResTime" : 101.0,
    "throughput" : 13.136727986761866,
    "receivedKBytesPerSec" : 10034.446054645907,
    "sentKBytesPerSec" : 1.6036044905715168
  },
  "HTTP-Request-7" : {
    "transaction" : "HTTP-Request-7",
    "sampleCount" : 5700,
    "errorCount" : 0,
    "errorPct" : 0.0,
    "meanResTime" : 8.59649122807019,
    "medianResTime" : 5.0,
    "minResTime" : 2.0,
    "maxResTime" : 152.0,
    "pct1ResTime" : 12.0,
    "pct2ResTime" : 28.949999999999818,
    "pct3ResTime" : 69.0,
    "throughput" : 13.136727986761866,
    "receivedKBytesPerSec" : 10034.446054645907,
    "sentKBytesPerSec" : 1.6036044905715168
  }
}