{
  "HTTP-Request-1" : {
    "transaction" : "HTTP-Request-1",
    "sampleCount" : 5625,
    "errorCount" : 0,
    "errorPct" : 0.0,
    "meanResTime" : 19.48017777777777,
    "medianResTime" : 6.0,
    "minResTime" : 3.0,
    "maxResTime" : 431.0,
    "pct1ResTime" : 10.0,
    "pct2ResTime" : 13.0,
    "pct3ResTime" : 383.0,
    "throughput" : 12.959336481972123,
    "receivedKBytesPerSec" : 9898.946142707493,
    "sentKBytesPerSec" : 1.5819502541469876
  },
  "Total" : {
    "transaction" : "Total",
    "sampleCount" : 39375,
    "errorCount" : 0,
    "errorPct" : 0.0,
    "meanResTime" : 9.281041269841133,
    "medianResTime" : 6.0,
    "minResTime" : 2.0,
    "maxResTime" : 431.0,
    "pct1ResTime" : 9.0,
    "pct2ResTime" : 10.0,
    "pct3ResTime" : 13.0,
    "throughput" : 87.67652206442304,
    "receivedKBytesPerSec" : 66971.42026545737,
    "sentKBytesPerSec" : 10.702700447317266
  },
  "HTTP-Request-2" : {
    "transaction" : "HTTP-Request-2",
    "sampleCount" : 5625,
    "errorCount" : 0,
    "errorPct" : 0.0,
    "meanResTime" : 7.557511111111105,
    "medianResTime" : 6.0,
    "minResTime" : 3.0,
    "maxResTime" : 104.0,
    "pct1ResTime" : 9.0,
    "pct2ResTime" : 11.0,
    "pct3ResTime" : 80.0,
    "throughput" : 12.965310591218163,
    "receivedKBytesPerSec" : 9903.50944621917,
    "sentKBytesPerSec" : 1.5826795155295608
  },
  "HTTP-Request-3" : {
    "transaction" : "HTTP-Request-3",
    "sampleCount" : 5625,
    "errorCount" : 0,
    "errorPct" : 0.0,
    "meanResTime" : 7.119288888888875,
    "medianResTime" : 6.0,
    "minResTime" : 3.0,
    "maxResTime" : 66.0,
    "pct1ResTime" : 10.0,
    "pct2ResTime" : 12.0,
    "pct3ResTime" : 45.73999999999978,
    "throughput" : 12.965280706970827,
    "receivedKBytesPerSec" : 9903.486619236068,
    "sentKBytesPerSec" : 1.5826758675501498
  },
  "HTTP-Request-4" : {
    "transaction" : "HTTP-Request-4",
    "sampleCount" : 5625,
    "errorCount" : 0,
    "errorPct" : 0.0,
    "meanResTime" : 6.784888888888908,
    "medianResTime" : 6.0,
    "minResTime" : 3.0,
    "maxResTime" : 60.0,
    "pct1ResTime" : 9.0,
    "pct2ResTime" : 11.0,
    "pct3ResTime" : 37.0,
    "throughput" : 12.965310591218163,
    "receivedKBytesPerSec" : 9903.50944621917,
    "sentKBytesPerSec" : 1.5826795155295608
  },
  "HTTP-Request-5" : {
    "transaction" : "HTTP-Request-5",
    "sampleCount" : 5625,
    "errorCount" : 0,
    "errorPct" : 0.0,
    "meanResTime" : 6.613511111111099,
    "medianResTime" : 6.0,
    "minResTime" : 3.0,
    "maxResTime" : 26.0,
    "pct1ResTime" : 9.0,
    "pct2ResTime" : 11.0,
    "pct3ResTime" : 19.0,
    "throughput" : 12.965310591218163,
    "receivedKBytesPerSec" : 9903.50944621917,
    "sentKBytesPerSec" : 1.5826795155295608
  },
  "HTTP-Request-6" : {
    "transaction" : "HTTP-Request-6",
    "sampleCount" : 5625,
    "errorCount" : 0,
    "errorPct" : 0.0,
    "meanResTime" : 10.413155555555573,
    "medianResTime" : 8.0,
    "minResTime" : 3.0,
    "maxResTime" : 121.0,
    "pct1ResTime" : 14.0,
    "pct2ResTime" : 26.0,
    "pct3ResTime" : 71.73999999999978,
    "throughput" : 12.965250822861252,
    "receivedKBytesPerSec" : 9903.463792358196,
    "sentKBytesPerSec" : 1.5826722195875553
  },
  "HTTP-Request-7" : {
    "transaction" : "HTTP-Request-7",
    "sampleCount" : 5625,
    "errorCount" : 0,
    "errorPct" : 0.0,
    "meanResTime" : 6.998755555555573,
    "medianResTime" : 5.0,
    "minResTime" : 2.0,
    "maxResTime" : 70.0,
    "pct1ResTime" : 11.0,
    "pct2ResTime" : 18.0,
    "pct3ResTime" : 47.0,
    "throughput" : 12.965370360126126,
    "receivedKBytesPerSec" : 9903.555100501067,
    "sentKBytesPerSec" : 1.5826868115388337
  }
}